-- 選手データ投入スクリプト（自動生成）
-- 生成日時: 2026-04-17T15:54:05.880Z
-- 選手数: 60名

-- トランザクション開始
BEGIN TRANSACTION;

-- 選手マスター投入
INSERT OR REPLACE INTO racers (racer_id, name, branch, rank) VALUES (4320, '峰　　　竜　太', '佐賀', 'A1');
INSERT OR REPLACE INTO racers (racer_id, name, branch, rank) VALUES (5121, '定　松　勇　樹', '佐賀', 'A1');
INSERT OR REPLACE INTO racers (racer_id, name, branch, rank) VALUES (3941, '池　田　浩　二', '愛知', 'A1');
INSERT OR REPLACE INTO racers (racer_id, name, branch, rank) VALUES (4371, '西　山　貴　浩', '福岡', 'A1');
INSERT OR REPLACE INTO racers (racer_id, name, branch, rank) VALUES (5084, '末　永　和　也', '佐賀', 'A1');
INSERT OR REPLACE INTO racers (racer_id, name, branch, rank) VALUES (4418, '茅　原　悠　紀', '岡山', 'A1');
INSERT OR REPLACE INTO racers (racer_id, name, branch, rank) VALUES (3415, '松　井　　　繁', '大阪', 'A1');
INSERT OR REPLACE INTO racers (racer_id, name, branch, rank) VALUES (4719, '上　條　暢　嵩', '大阪', 'A1');
INSERT OR REPLACE INTO racers (racer_id, name, branch, rank) VALUES (4205, '山　口　　　剛', '広島', 'A1');
INSERT OR REPLACE INTO racers (racer_id, name, branch, rank) VALUES (4344, '新　田　雄　史', '三重', 'A1');
INSERT OR REPLACE INTO racers (racer_id, name, branch, rank) VALUES (4503, '上　野　真之介', '佐賀', 'A1');
INSERT OR REPLACE INTO racers (racer_id, name, branch, rank) VALUES (4444, '桐　生　順　平', '埼玉', 'A1');
INSERT OR REPLACE INTO racers (racer_id, name, branch, rank) VALUES (4445, '宮　地　元　輝', '佐賀', 'A1');
INSERT OR REPLACE INTO racers (racer_id, name, branch, rank) VALUES (4500, '山　田　康　二', '佐賀', 'A1');
INSERT OR REPLACE INTO racers (racer_id, name, branch, rank) VALUES (3897, '白　井　英　治', '山口', 'A1');
INSERT OR REPLACE INTO racers (racer_id, name, branch, rank) VALUES (4659, '木　下　翔　太', '大阪', 'A1');
INSERT OR REPLACE INTO racers (racer_id, name, branch, rank) VALUES (4337, '平　本　真　之', '愛知', 'A1');
INSERT OR REPLACE INTO racers (racer_id, name, branch, rank) VALUES (4757, '山　田　祐　也', '徳島', 'A1');
INSERT OR REPLACE INTO racers (racer_id, name, branch, rank) VALUES (4682, '大　上　卓　人', '広島', 'A1');
INSERT OR REPLACE INTO racers (racer_id, name, branch, rank) VALUES (4456, '鎌　倉　　　涼', '大阪', 'A1');
INSERT OR REPLACE INTO racers (racer_id, name, branch, rank) VALUES (5224, '西　岡　顕　心', '香川', 'A1');
INSERT OR REPLACE INTO racers (racer_id, name, branch, rank) VALUES (4044, '湯　川　浩　司', '大阪', 'A1');
INSERT OR REPLACE INTO racers (racer_id, name, branch, rank) VALUES (4361, '柳　生　泰　二', '山口', 'A1');
INSERT OR REPLACE INTO racers (racer_id, name, branch, rank) VALUES (4604, '岩　瀬　裕　亮', '愛知', 'A1');
INSERT OR REPLACE INTO racers (racer_id, name, branch, rank) VALUES (4933, '板　橋　侑　我', '静岡', 'A1');
INSERT OR REPLACE INTO racers (racer_id, name, branch, rank) VALUES (4573, '佐　藤　　　翼', '埼玉', 'A1');
INSERT OR REPLACE INTO racers (racer_id, name, branch, rank) VALUES (4959, '井　上　忠　政', '大阪', 'A1');
INSERT OR REPLACE INTO racers (racer_id, name, branch, rank) VALUES (4914, '吉　田　裕　平', '愛知', 'A1');
INSERT OR REPLACE INTO racers (racer_id, name, branch, rank) VALUES (4262, '馬　場　貴　也', '滋賀', 'A1');
INSERT OR REPLACE INTO racers (racer_id, name, branch, rank) VALUES (4188, '久　田　敏　之', '群馬', 'A1');
INSERT OR REPLACE INTO racers (racer_id, name, branch, rank) VALUES (5112, '砂　長　知　輝', '埼玉', 'A1');
INSERT OR REPLACE INTO racers (racer_id, name, branch, rank) VALUES (4290, '稲　田　浩　二', '兵庫', 'A1');
INSERT OR REPLACE INTO racers (racer_id, name, branch, rank) VALUES (4477, '篠　崎　仁　志', '福岡', 'A1');
INSERT OR REPLACE INTO racers (racer_id, name, branch, rank) VALUES (4848, '仲　谷　颯　仁', '福岡', 'A1');
INSERT OR REPLACE INTO racers (racer_id, name, branch, rank) VALUES (4980, '佐々木　完　太', '山口', 'A1');
INSERT OR REPLACE INTO racers (racer_id, name, branch, rank) VALUES (4013, '中　島　孝　平', '福井', 'A1');
INSERT OR REPLACE INTO racers (racer_id, name, branch, rank) VALUES (4760, '山　崎　　　郡', '大阪', 'A1');
INSERT OR REPLACE INTO racers (racer_id, name, branch, rank) VALUES (4832, '権　藤　俊　光', '大阪', 'A1');
INSERT OR REPLACE INTO racers (racer_id, name, branch, rank) VALUES (4543, '重　木　輝　彦', '兵庫', 'A1');
INSERT OR REPLACE INTO racers (racer_id, name, branch, rank) VALUES (4166, '吉　田　拡　郎', '岡山', 'A1');
INSERT OR REPLACE INTO racers (racer_id, name, branch, rank) VALUES (4266, '長　田　頼　宗', '東京', 'A1');
INSERT OR REPLACE INTO racers (racer_id, name, branch, rank) VALUES (4061, '萩　原　秀　人', '福井', 'A1');
INSERT OR REPLACE INTO racers (racer_id, name, branch, rank) VALUES (4586, '磯　部　　　誠', '愛知', 'A1');
INSERT OR REPLACE INTO racers (racer_id, name, branch, rank) VALUES (4939, '宮之原　輝　紀', '東京', 'A1');
INSERT OR REPLACE INTO racers (racer_id, name, branch, rank) VALUES (4030, '森　高　一　真', '香川', 'A1');
INSERT OR REPLACE INTO racers (racer_id, name, branch, rank) VALUES (3783, '瓜　生　正　義', '福岡', 'A1');
INSERT OR REPLACE INTO racers (racer_id, name, branch, rank) VALUES (4524, '深　谷　知　博', '静岡', 'A1');
INSERT OR REPLACE INTO racers (racer_id, name, branch, rank) VALUES (4238, '毒　島　　　誠', '群馬', 'B2');
INSERT OR REPLACE INTO racers (racer_id, name, branch, rank) VALUES (3959, '坪　井　康　晴', '静岡', 'A1');
INSERT OR REPLACE INTO racers (racer_id, name, branch, rank) VALUES (4397, '西　村　拓　也', '大阪', 'A1');
INSERT OR REPLACE INTO racers (racer_id, name, branch, rank) VALUES (5043, '中　村　日　向', '香川', 'A1');
INSERT OR REPLACE INTO racers (racer_id, name, branch, rank) VALUES (4294, '古　賀　繁　輝', '佐賀', 'A1');
INSERT OR REPLACE INTO racers (racer_id, name, branch, rank) VALUES (4264, '長　尾　章　平', '山口', 'A1');
INSERT OR REPLACE INTO racers (racer_id, name, branch, rank) VALUES (3716, '石　渡　鉄　兵', '東京', 'A1');
INSERT OR REPLACE INTO racers (racer_id, name, branch, rank) VALUES (4685, '島　村　隆　幸', '徳島', 'A1');
INSERT OR REPLACE INTO racers (racer_id, name, branch, rank) VALUES (4851, '関　　　浩　哉', '群馬', 'A1');
INSERT OR REPLACE INTO racers (racer_id, name, branch, rank) VALUES (4932, '新　開　　　航', '福岡', 'A1');
INSERT OR REPLACE INTO racers (racer_id, name, branch, rank) VALUES (5217, '藤　原　碧　生', '岡山', 'A1');
INSERT OR REPLACE INTO racers (racer_id, name, branch, rank) VALUES (4547, '中　田　竜　太', '埼玉', 'A1');
INSERT OR REPLACE INTO racers (racer_id, name, branch, rank) VALUES (4168, '石　野　貴　之', '大阪', 'A1');

-- 選手成績投入
INSERT OR REPLACE INTO racer_performances (racer_id, total_prize_money, prize_ranking) VALUES (4320, 62066000, 1);
INSERT OR REPLACE INTO racer_performances (racer_id, total_prize_money, prize_ranking) VALUES (5121, 47676000, 2);
INSERT OR REPLACE INTO racer_performances (racer_id, total_prize_money, prize_ranking) VALUES (3941, 45021000, 3);
INSERT OR REPLACE INTO racer_performances (racer_id, total_prize_money, prize_ranking) VALUES (4371, 42893000, 4);
INSERT OR REPLACE INTO racer_performances (racer_id, total_prize_money, prize_ranking) VALUES (5084, 40789895, 5);
INSERT OR REPLACE INTO racer_performances (racer_id, total_prize_money, prize_ranking) VALUES (4418, 37571000, 6);
INSERT OR REPLACE INTO racer_performances (racer_id, total_prize_money, prize_ranking) VALUES (3415, 36073000, 7);
INSERT OR REPLACE INTO racer_performances (racer_id, total_prize_money, prize_ranking) VALUES (4719, 36071000, 8);
INSERT OR REPLACE INTO racer_performances (racer_id, total_prize_money, prize_ranking) VALUES (4205, 33877000, 9);
INSERT OR REPLACE INTO racer_performances (racer_id, total_prize_money, prize_ranking) VALUES (4344, 32179000, 10);
INSERT OR REPLACE INTO racer_performances (racer_id, total_prize_money, prize_ranking) VALUES (4503, 30223466, 11);
INSERT OR REPLACE INTO racer_performances (racer_id, total_prize_money, prize_ranking) VALUES (4444, 29754000, 12);
INSERT OR REPLACE INTO racer_performances (racer_id, total_prize_money, prize_ranking) VALUES (4445, 29690000, 13);
INSERT OR REPLACE INTO racer_performances (racer_id, total_prize_money, prize_ranking) VALUES (4500, 29233000, 14);
INSERT OR REPLACE INTO racer_performances (racer_id, total_prize_money, prize_ranking) VALUES (3897, 28575000, 15);
INSERT OR REPLACE INTO racer_performances (racer_id, total_prize_money, prize_ranking) VALUES (4659, 26530466, 16);
INSERT OR REPLACE INTO racer_performances (racer_id, total_prize_money, prize_ranking) VALUES (4337, 26065000, 17);
INSERT OR REPLACE INTO racer_performances (racer_id, total_prize_money, prize_ranking) VALUES (4757, 25610000, 18);
INSERT OR REPLACE INTO racer_performances (racer_id, total_prize_money, prize_ranking) VALUES (4682, 25256466, 19);
INSERT OR REPLACE INTO racer_performances (racer_id, total_prize_money, prize_ranking) VALUES (4456, 23788000, 20);
INSERT OR REPLACE INTO racer_performances (racer_id, total_prize_money, prize_ranking) VALUES (5224, 23715000, 21);
INSERT OR REPLACE INTO racer_performances (racer_id, total_prize_money, prize_ranking) VALUES (4044, 23561000, 22);
INSERT OR REPLACE INTO racer_performances (racer_id, total_prize_money, prize_ranking) VALUES (4361, 23179000, 23);
INSERT OR REPLACE INTO racer_performances (racer_id, total_prize_money, prize_ranking) VALUES (4604, 23009500, 24);
INSERT OR REPLACE INTO racer_performances (racer_id, total_prize_money, prize_ranking) VALUES (4933, 22660000, 25);
INSERT OR REPLACE INTO racer_performances (racer_id, total_prize_money, prize_ranking) VALUES (4573, 21839000, 26);
INSERT OR REPLACE INTO racer_performances (racer_id, total_prize_money, prize_ranking) VALUES (4959, 21304000, 27);
INSERT OR REPLACE INTO racer_performances (racer_id, total_prize_money, prize_ranking) VALUES (4914, 21175000, 28);
INSERT OR REPLACE INTO racer_performances (racer_id, total_prize_money, prize_ranking) VALUES (4262, 21152000, 29);
INSERT OR REPLACE INTO racer_performances (racer_id, total_prize_money, prize_ranking) VALUES (4188, 21014000, 30);
INSERT OR REPLACE INTO racer_performances (racer_id, total_prize_money, prize_ranking) VALUES (5112, 20697000, 31);
INSERT OR REPLACE INTO racer_performances (racer_id, total_prize_money, prize_ranking) VALUES (4290, 20541000, 32);
INSERT OR REPLACE INTO racer_performances (racer_id, total_prize_money, prize_ranking) VALUES (4477, 20398000, 33);
INSERT OR REPLACE INTO racer_performances (racer_id, total_prize_money, prize_ranking) VALUES (4848, 20119000, 34);
INSERT OR REPLACE INTO racer_performances (racer_id, total_prize_money, prize_ranking) VALUES (4980, 19680466, 35);
INSERT OR REPLACE INTO racer_performances (racer_id, total_prize_money, prize_ranking) VALUES (4013, 19676000, 36);
INSERT OR REPLACE INTO racer_performances (racer_id, total_prize_money, prize_ranking) VALUES (4760, 19582000, 37);
INSERT OR REPLACE INTO racer_performances (racer_id, total_prize_money, prize_ranking) VALUES (4832, 19432000, 38);
INSERT OR REPLACE INTO racer_performances (racer_id, total_prize_money, prize_ranking) VALUES (4543, 18937000, 39);
INSERT OR REPLACE INTO racer_performances (racer_id, total_prize_money, prize_ranking) VALUES (4166, 18914000, 40);
INSERT OR REPLACE INTO racer_performances (racer_id, total_prize_money, prize_ranking) VALUES (4266, 18704000, 41);
INSERT OR REPLACE INTO racer_performances (racer_id, total_prize_money, prize_ranking) VALUES (4061, 18502000, 42);
INSERT OR REPLACE INTO racer_performances (racer_id, total_prize_money, prize_ranking) VALUES (4586, 18350000, 43);
INSERT OR REPLACE INTO racer_performances (racer_id, total_prize_money, prize_ranking) VALUES (4939, 17761000, 44);
INSERT OR REPLACE INTO racer_performances (racer_id, total_prize_money, prize_ranking) VALUES (4030, 17733000, 45);
INSERT OR REPLACE INTO racer_performances (racer_id, total_prize_money, prize_ranking) VALUES (3783, 17662000, 46);
INSERT OR REPLACE INTO racer_performances (racer_id, total_prize_money, prize_ranking) VALUES (4524, 17553000, 47);
INSERT OR REPLACE INTO racer_performances (racer_id, total_prize_money, prize_ranking) VALUES (4238, 17406599, 48);
INSERT OR REPLACE INTO racer_performances (racer_id, total_prize_money, prize_ranking) VALUES (3959, 17199000, 49);
INSERT OR REPLACE INTO racer_performances (racer_id, total_prize_money, prize_ranking) VALUES (4397, 17182000, 50);
INSERT OR REPLACE INTO racer_performances (racer_id, total_prize_money, prize_ranking) VALUES (5043, 16861000, 51);
INSERT OR REPLACE INTO racer_performances (racer_id, total_prize_money, prize_ranking) VALUES (4294, 16495000, 52);
INSERT OR REPLACE INTO racer_performances (racer_id, total_prize_money, prize_ranking) VALUES (4264, 16328000, 53);
INSERT OR REPLACE INTO racer_performances (racer_id, total_prize_money, prize_ranking) VALUES (3716, 16279000, 54);
INSERT OR REPLACE INTO racer_performances (racer_id, total_prize_money, prize_ranking) VALUES (4685, 16246599, 55);
INSERT OR REPLACE INTO racer_performances (racer_id, total_prize_money, prize_ranking) VALUES (4851, 16162000, 56);
INSERT OR REPLACE INTO racer_performances (racer_id, total_prize_money, prize_ranking) VALUES (4932, 16160000, 57);
INSERT OR REPLACE INTO racer_performances (racer_id, total_prize_money, prize_ranking) VALUES (5217, 16152000, 58);
INSERT OR REPLACE INTO racer_performances (racer_id, total_prize_money, prize_ranking) VALUES (4547, 16124000, 59);
INSERT OR REPLACE INTO racer_performances (racer_id, total_prize_money, prize_ranking) VALUES (4168, 15927000, 60);

-- 同期履歴記録
INSERT INTO sync_history (sync_type, records_count, status, completed_at) VALUES ('racers', 60, 'success', datetime('now'));
INSERT INTO sync_history (sync_type, records_count, status, completed_at) VALUES ('performances', 60, 'success', datetime('now'));

-- トランザクションコミット
COMMIT;
